{"0": 4.977097, "1": 9.740789, "2": 3.6340547, "3": 5.400714, "4": 6.369565, "5": 15.573667, "6": 3.5166671, "7": 7.18, "8": 6.12, "9": 6.3969226, "10": 2.17, "11": 10.497499, "12": 8.7175, "13": 11.27, "14": 5.5992303, "15": 11.562727, "16": 12.120001, "17": 5.4071426, "18": 4.29, "19": 6.78, "20": 5.8399997, "21": 6.01875, "22": 6.4863634, "23": 6.9300003, "25": 3.9289997, "24": 6.4666667, "27": 3.9424996, "26": 3.8955553, "28": 4.805, "29": 27.696669, "30": 4.263333, "33": 13.472222, "31": 7.87, "32": 4.3328567, "34": 4.8033333, "35": 5.271667, "36": 5.8566666, "37": 7.29, "39": 3.85, "38": 26.4575, "40": 3.685, "42": 2.4666665, "41": 4.98, "45": 2.466, "44": 2.61, "43": 3.4666665, "47": 6.155, "48": 2.32, "46": 4.44, "49": 3.815, "50": 4.88, "51": 2.92, "52": 3.72, "54": 2.95, "53": 3.05, "55": 25.67, "56": 3.89, "57": 9.49, "58": 2.79, "59": 7.71, "60": 3.18, "63": 3.81, "61": 5.545, "62": 4.1}
