{"0": 22.078558, "6": 39.52261, "10": 26.338182, "9": 33.344143, "12": 28.579142, "3": 10.541111, "19": 19.930372, "7": 29.789478, "24": 21.316668, "39": 5.353333, "41": 28.3428, "43": 29.153334, "27": 26.134382, "40": 41.28, "16": 15.817856, "33": 39.58, "37": 19.276297, "48": 21.033333, "32": 17.005152, "28": 39.452812, "51": 12.046666, "18": 18.274445, "36": 31.273226, "29": 11.895, "45": 18.442501, "56": 35.414574, "8": 59.425507, "13": 27.443157, "57": 18.060667, "58": 79.399994, "61": 29.255001, "42": 21.207, "59": 24.053335, "26": 43.45, "60": 34.6, "65": 211.41, "34": 30.455, "70": 0.0, "67": 39.625, "1": 27.40833, "49": 17.698002, "71": 1.46, "25": 30.880001, "69": 34.24667, "53": 31.005, "23": 9.464286, "68": 61.61, "52": 33.442497, "80": 54.81, "62": 24.31, "22": 46.493332, "21": 71.44, "75": 27.335, "73": 28.93, "76": 13.975, "83": 19.8, "77": 18.54, "11": 239.92, "5": 7.23}
